code_with_violation,code_without_violation,guideline_id,level,corrected_code
"<a href=""#"" role=""button"" class=""cookieBarButton cookieBarConsentButton"">OK, got it</a>","<button class=""cookieBarButton cookieBarConsentButton"" aria-label=""Consent to cookies"">OK, got it</button>",4.1.2,A,Error: module 'ollama' has no attribute 'chat'
"<html lang=""en"" data-cb-input-m=""initial"" data-cb-intent-m=""initial"" style=""display: block;"">","<html lang=""en"" style=""display: block;"">",4.1.1,A,Error: module 'ollama' has no attribute 'chat'
"<div id=""root"">","<main id=""root"" role=""main"">",1.3.1,A,Error: module 'ollama' has no attribute 'chat'
"<a class=""c-button v--primary c-skip-link is-focusable"" href=""#main_focusable"">Skip to main content</a>","<a class=""c-button v--primary c-skip-link is-focusable"" href=""#main_focusable"" aria-label=""Skip to main content section"">Skip to main content</a>",2.4.4,A,Error: module 'ollama' has no attribute 'chat'
"<video title=""Team discussing work in the Slack app"" role=""img"" data-js-id=""hero"" loop="""" muted="""" playsinline="""">","<video aria-label=""Team discussing work in Slack app"" role=""img"" data-js-id=""hero"" loop="""" muted="""" playsinline="""">",1.2.2,A,Error: module 'ollama' has no attribute 'chat'
"<header role=""banner"">","<header role=""banner"" aria-label=""Main site navigation"">",1.3.1,A,Error: module 'ollama' has no attribute 'chat'
"<div class=""c-nav--footer__metasocial"" role=""contentinfo"">","<footer class=""c-nav--footer__metasocial"" role=""contentinfo"">",1.3.1,A,Error: module 'ollama' has no attribute 'chat'
"<div class=""c-announcement-banner banner--fixed-top"" role=""banner"">","<div class=""c-announcement-banner banner--fixed-top"" role=""banner"" aria-live=""polite"">",4.1.2,A,Error: module 'ollama' has no attribute 'chat'
"<iframe id=""drift-iframe"" src=""https://d34u8crftukxnk.cloudfront.net/snippets/drift/index.html"" width=""0"" height=""0"">","<iframe id=""drift-iframe"" title=""Chat Widget"" src=""https://d34u8crftukxnk.cloudfront.net/snippets/drift/index.html"" width=""0"" height=""0"">",2.4.2,A,Error: module 'ollama' has no attribute 'chat'
"<li id=""security"" class=""nav_link nav_link_l4""><a href=""/security"">Security</a></li>","<li id=""security"" class=""nav_link nav_link_l4""><a href=""/security"" aria-label=""Learn about data security policies"">Security</a></li>",2.4.4,A,Error: module 'ollama' has no attribute 'chat'
"<a href=""#"" role=""button"" class=""cookieBarButton cookieBarConsentButton"">OK, got it</a>","<button class=""cookieBarButton cookieBarConsentButton"" aria-label=""Consent to cookies"">OK, got it</button>",4.1.2,A,Error: module 'ollama' has no attribute 'chat'
"<html lang=""en"" data-cb-input-m=""initial"" data-cb-intent-m=""initial"" style=""display: block;"">","<html lang=""en"" style=""display: block;"">",4.1.1,A,Error: module 'ollama' has no attribute 'chat'
"<div id=""root"">","<main id=""root"" role=""main"">",1.3.1,A,Error: module 'ollama' has no attribute 'chat'
"<a class=""c-button v--primary c-skip-link is-focusable"" href=""#main_focusable"">Skip to main content</a>","<a class=""c-button v--primary c-skip-link is-focusable"" href=""#main_focusable"" aria-label=""Skip to main content section"">Skip to main content</a>",2.4.4,A,Error: module 'ollama' has no attribute 'chat'
"<video title=""Team discussing work in the Slack app"" role=""img"" data-js-id=""hero"" loop="""" muted="""" playsinline="""">","<video aria-label=""Team discussing work in Slack app"" role=""img"" data-js-id=""hero"" loop="""" muted="""" playsinline="""">",1.2.2,A,Error: module 'ollama' has no attribute 'chat'
"<header role=""banner"">","<header role=""banner"" aria-label=""Main site navigation"">",1.3.1,A,Error: module 'ollama' has no attribute 'chat'
"<div class=""c-nav--footer__metasocial"" role=""contentinfo"">","<footer class=""c-nav--footer__metasocial"" role=""contentinfo"">",1.3.1,A,Error: module 'ollama' has no attribute 'chat'
"<div class=""c-announcement-banner banner--fixed-top"" role=""banner"">","<div class=""c-announcement-banner banner--fixed-top"" role=""banner"" aria-live=""polite"">",4.1.2,A,Error: module 'ollama' has no attribute 'chat'
"<iframe id=""drift-iframe"" src=""https://d34u8crftukxnk.cloudfront.net/snippets/drift/index.html"" width=""0"" height=""0"">","<iframe id=""drift-iframe"" title=""Chat Widget"" src=""https://d34u8crftukxnk.cloudfront.net/snippets/drift/index.html"" width=""0"" height=""0"">",2.4.2,A,Error: module 'ollama' has no attribute 'chat'
"<li id=""security"" class=""nav_link nav_link_l4""><a href=""/security"">Security</a></li>","<li id=""security"" class=""nav_link nav_link_l4""><a href=""/security"" aria-label=""Learn about data security policies"">Security</a></li>",2.4.4,A,Error: module 'ollama' has no attribute 'chat'
"<a href=""#"" role=""button"" class=""cookieBarButton cookieBarConsentButton"">OK, got it</a>","<button class=""cookieBarButton cookieBarConsentButton"" aria-label=""Consent to cookies"">OK, got it</button>",4.1.2,A,Error: module 'ollama' has no attribute 'chat'
"<html lang=""en"" data-cb-input-m=""initial"" data-cb-intent-m=""initial"" style=""display: block;"">","<html lang=""en"" style=""display: block;"">",4.1.1,A,Error: module 'ollama' has no attribute 'chat'
"<div id=""root"">","<main id=""root"" role=""main"">",1.3.1,A,Error: module 'ollama' has no attribute 'chat'
"<a class=""c-button v--primary c-skip-link is-focusable"" href=""#main_focusable"">Skip to main content</a>","<a class=""c-button v--primary c-skip-link is-focusable"" href=""#main_focusable"" aria-label=""Skip to main content section"">Skip to main content</a>",2.4.4,A,Error: module 'ollama' has no attribute 'chat'
"<video title=""Team discussing work in the Slack app"" role=""img"" data-js-id=""hero"" loop="""" muted="""" playsinline="""">","<video aria-label=""Team discussing work in Slack app"" role=""img"" data-js-id=""hero"" loop="""" muted="""" playsinline="""">",1.2.2,A,Error: module 'ollama' has no attribute 'chat'
"<header role=""banner"">","<header role=""banner"" aria-label=""Main site navigation"">",1.3.1,A,Error: module 'ollama' has no attribute 'chat'
"<div class=""c-nav--footer__metasocial"" role=""contentinfo"">","<footer class=""c-nav--footer__metasocial"" role=""contentinfo"">",1.3.1,A,Error: module 'ollama' has no attribute 'chat'
"<div class=""c-announcement-banner banner--fixed-top"" role=""banner"">","<div class=""c-announcement-banner banner--fixed-top"" role=""banner"" aria-live=""polite"">",4.1.2,A,Error: module 'ollama' has no attribute 'chat'
"<iframe id=""drift-iframe"" src=""https://d34u8crftukxnk.cloudfront.net/snippets/drift/index.html"" width=""0"" height=""0"">","<iframe id=""drift-iframe"" title=""Chat Widget"" src=""https://d34u8crftukxnk.cloudfront.net/snippets/drift/index.html"" width=""0"" height=""0"">",2.4.2,A,Error: module 'ollama' has no attribute 'chat'
"<li id=""security"" class=""nav_link nav_link_l4""><a href=""/security"">Security</a></li>","<li id=""security"" class=""nav_link nav_link_l4""><a href=""/security"" aria-label=""Learn about data security policies"">Security</a></li>",2.4.4,A,Error: module 'ollama' has no attribute 'chat'
"<a href=""#"" role=""button"" class=""cookieBarButton cookieBarConsentButton"">OK, got it</a>","<button class=""cookieBarButton cookieBarConsentButton"" aria-label=""Consent to cookies"">OK, got it</button>",4.1.2,A,Error: module 'ollama' has no attribute 'chat'
"<html lang=""en"" data-cb-input-m=""initial"" data-cb-intent-m=""initial"" style=""display: block;"">","<html lang=""en"" style=""display: block;"">",4.1.1,A,Error: module 'ollama' has no attribute 'chat'
"<div id=""root"">","<main id=""root"" role=""main"">",1.3.1,A,Error: module 'ollama' has no attribute 'chat'
"<a class=""c-button v--primary c-skip-link is-focusable"" href=""#main_focusable"">Skip to main content</a>","<a class=""c-button v--primary c-skip-link is-focusable"" href=""#main_focusable"" aria-label=""Skip to main content section"">Skip to main content</a>",2.4.4,A,Error: module 'ollama' has no attribute 'chat'
"<video title=""Team discussing work in the Slack app"" role=""img"" data-js-id=""hero"" loop="""" muted="""" playsinline="""">","<video aria-label=""Team discussing work in Slack app"" role=""img"" data-js-id=""hero"" loop="""" muted="""" playsinline="""">",1.2.2,A,Error: module 'ollama' has no attribute 'chat'
"<header role=""banner"">","<header role=""banner"" aria-label=""Main site navigation"">",1.3.1,A,Error: module 'ollama' has no attribute 'chat'
"<div class=""c-nav--footer__metasocial"" role=""contentinfo"">","<footer class=""c-nav--footer__metasocial"" role=""contentinfo"">",1.3.1,A,Error: module 'ollama' has no attribute 'chat'
"<div class=""c-announcement-banner banner--fixed-top"" role=""banner"">","<div class=""c-announcement-banner banner--fixed-top"" role=""banner"" aria-live=""polite"">",4.1.2,A,Error: module 'ollama' has no attribute 'chat'
"<iframe id=""drift-iframe"" src=""https://d34u8crftukxnk.cloudfront.net/snippets/drift/index.html"" width=""0"" height=""0"">","<iframe id=""drift-iframe"" title=""Chat Widget"" src=""https://d34u8crftukxnk.cloudfront.net/snippets/drift/index.html"" width=""0"" height=""0"">",2.4.2,A,Error: module 'ollama' has no attribute 'chat'
"<li id=""security"" class=""nav_link nav_link_l4""><a href=""/security"">Security</a></li>","<li id=""security"" class=""nav_link nav_link_l4""><a href=""/security"" aria-label=""Learn about data security policies"">Security</a></li>",2.4.4,A,Error: module 'ollama' has no attribute 'chat'
"<a href=""#"" role=""button"" class=""cookieBarButton cookieBarConsentButton"">OK, got it</a>","<button class=""cookieBarButton cookieBarConsentButton"" aria-label=""Consent to cookies"">OK, got it</button>",4.1.2,A,Error: module 'ollama' has no attribute 'chat'
"<html lang=""en"" data-cb-input-m=""initial"" data-cb-intent-m=""initial"" style=""display: block;"">","<html lang=""en"" style=""display: block;"">",4.1.1,A,Error: module 'ollama' has no attribute 'chat'
"<div id=""root"">","<main id=""root"" role=""main"">",1.3.1,A,Error: module 'ollama' has no attribute 'chat'
"<a class=""c-button v--primary c-skip-link is-focusable"" href=""#main_focusable"">Skip to main content</a>","<a class=""c-button v--primary c-skip-link is-focusable"" href=""#main_focusable"" aria-label=""Skip to main content section"">Skip to main content</a>",2.4.4,A,Error: module 'ollama' has no attribute 'chat'
"<video title=""Team discussing work in the Slack app"" role=""img"" data-js-id=""hero"" loop="""" muted="""" playsinline="""">","<video aria-label=""Team discussing work in Slack app"" role=""img"" data-js-id=""hero"" loop="""" muted="""" playsinline="""">",1.2.2,A,Error: module 'ollama' has no attribute 'chat'
"<header role=""banner"">","<header role=""banner"" aria-label=""Main site navigation"">",1.3.1,A,Error: module 'ollama' has no attribute 'chat'
"<div class=""c-nav--footer__metasocial"" role=""contentinfo"">","<footer class=""c-nav--footer__metasocial"" role=""contentinfo"">",1.3.1,A,Error: module 'ollama' has no attribute 'chat'
"<div class=""c-announcement-banner banner--fixed-top"" role=""banner"">","<div class=""c-announcement-banner banner--fixed-top"" role=""banner"" aria-live=""polite"">",4.1.2,A,Error: module 'ollama' has no attribute 'chat'
"<iframe id=""drift-iframe"" src=""https://d34u8crftukxnk.cloudfront.net/snippets/drift/index.html"" width=""0"" height=""0"">","<iframe id=""drift-iframe"" title=""Chat Widget"" src=""https://d34u8crftukxnk.cloudfront.net/snippets/drift/index.html"" width=""0"" height=""0"">",2.4.2,A,Error: module 'ollama' has no attribute 'chat'
"<li id=""security"" class=""nav_link nav_link_l4""><a href=""/security"">Security</a></li>","<li id=""security"" class=""nav_link nav_link_l4""><a href=""/security"" aria-label=""Learn about data security policies"">Security</a></li>",2.4.4,A,Error: module 'ollama' has no attribute 'chat'
"<a href=""#"" role=""button"" class=""cookieBarButton cookieBarConsentButton"">OK, got it</a>","<button class=""cookieBarButton cookieBarConsentButton"" aria-label=""Consent to cookies"">OK, got it</button>",4.1.2,A,Error: module 'ollama' has no attribute 'chat'
"<html lang=""en"" data-cb-input-m=""initial"" data-cb-intent-m=""initial"" style=""display: block;"">","<html lang=""en"" style=""display: block;"">",4.1.1,A,Error: module 'ollama' has no attribute 'chat'
"<div id=""root"">","<main id=""root"" role=""main"">",1.3.1,A,Error: module 'ollama' has no attribute 'chat'
"<a class=""c-button v--primary c-skip-link is-focusable"" href=""#main_focusable"">Skip to main content</a>","<a class=""c-button v--primary c-skip-link is-focusable"" href=""#main_focusable"" aria-label=""Skip to main content section"">Skip to main content</a>",2.4.4,A,Error: module 'ollama' has no attribute 'chat'
"<video title=""Team discussing work in the Slack app"" role=""img"" data-js-id=""hero"" loop="""" muted="""" playsinline="""">","<video aria-label=""Team discussing work in Slack app"" role=""img"" data-js-id=""hero"" loop="""" muted="""" playsinline="""">",1.2.2,A,Error: module 'ollama' has no attribute 'chat'
"<header role=""banner"">","<header role=""banner"" aria-label=""Main site navigation"">",1.3.1,A,Error: module 'ollama' has no attribute 'chat'
"<div class=""c-nav--footer__metasocial"" role=""contentinfo"">","<footer class=""c-nav--footer__metasocial"" role=""contentinfo"">",1.3.1,A,Error: module 'ollama' has no attribute 'chat'
"<div class=""c-announcement-banner banner--fixed-top"" role=""banner"">","<div class=""c-announcement-banner banner--fixed-top"" role=""banner"" aria-live=""polite"">",4.1.2,A,Error: module 'ollama' has no attribute 'chat'
"<iframe id=""drift-iframe"" src=""https://d34u8crftukxnk.cloudfront.net/snippets/drift/index.html"" width=""0"" height=""0"">","<iframe id=""drift-iframe"" title=""Chat Widget"" src=""https://d34u8crftukxnk.cloudfront.net/snippets/drift/index.html"" width=""0"" height=""0"">",2.4.2,A,Error: module 'ollama' has no attribute 'chat'
"<li id=""security"" class=""nav_link nav_link_l4""><a href=""/security"">Security</a></li>","<li id=""security"" class=""nav_link nav_link_l4""><a href=""/security"" aria-label=""Learn about data security policies"">Security</a></li>",2.4.4,A,Error: module 'ollama' has no attribute 'chat'
"<a href=""#"" role=""button"" class=""cookieBarButton cookieBarConsentButton"">OK, got it</a>","<button class=""cookieBarButton cookieBarConsentButton"" aria-label=""Consent to cookies"">OK, got it</button>",4.1.2,A,Error: module 'ollama' has no attribute 'chat'
"<html lang=""en"" data-cb-input-m=""initial"" data-cb-intent-m=""initial"" style=""display: block;"">","<html lang=""en"" style=""display: block;"">",4.1.1,A,Error: module 'ollama' has no attribute 'chat'
"<div id=""root"">","<main id=""root"" role=""main"">",1.3.1,A,Error: module 'ollama' has no attribute 'chat'
"<a class=""c-button v--primary c-skip-link is-focusable"" href=""#main_focusable"">Skip to main content</a>","<a class=""c-button v--primary c-skip-link is-focusable"" href=""#main_focusable"" aria-label=""Skip to main content section"">Skip to main content</a>",2.4.4,A,Error: module 'ollama' has no attribute 'chat'
"<video title=""Team discussing work in the Slack app"" role=""img"" data-js-id=""hero"" loop="""" muted="""" playsinline="""">","<video aria-label=""Team discussing work in Slack app"" role=""img"" data-js-id=""hero"" loop="""" muted="""" playsinline="""">",1.2.2,A,Error: module 'ollama' has no attribute 'chat'
"<header role=""banner"">","<header role=""banner"" aria-label=""Main site navigation"">",1.3.1,A,Error: module 'ollama' has no attribute 'chat'
"<div class=""c-nav--footer__metasocial"" role=""contentinfo"">","<footer class=""c-nav--footer__metasocial"" role=""contentinfo"">",1.3.1,A,Error: module 'ollama' has no attribute 'chat'
"<div class=""c-announcement-banner banner--fixed-top"" role=""banner"">","<div class=""c-announcement-banner banner--fixed-top"" role=""banner"" aria-live=""polite"">",4.1.2,A,Error: module 'ollama' has no attribute 'chat'
"<iframe id=""drift-iframe"" src=""https://d34u8crftukxnk.cloudfront.net/snippets/drift/index.html"" width=""0"" height=""0"">","<iframe id=""drift-iframe"" title=""Chat Widget"" src=""https://d34u8crftukxnk.cloudfront.net/snippets/drift/index.html"" width=""0"" height=""0"">",2.4.2,A,Error: module 'ollama' has no attribute 'chat'
"<li id=""security"" class=""nav_link nav_link_l4""><a href=""/security"">Security</a></li>","<li id=""security"" class=""nav_link nav_link_l4""><a href=""/security"" aria-label=""Learn about data security policies"">Security</a></li>",2.4.4,A,Error: module 'ollama' has no attribute 'chat'
"<a href=""#"" role=""button"" class=""cookieBarButton cookieBarConsentButton"">OK, got it</a>","<button class=""cookieBarButton cookieBarConsentButton"" aria-label=""Consent to cookies"">OK, got it</button>",4.1.2,A,Error: module 'ollama' has no attribute 'chat'
"<html lang=""en"" data-cb-input-m=""initial"" data-cb-intent-m=""initial"" style=""display: block;"">","<html lang=""en"" style=""display: block;"">",4.1.1,A,Error: module 'ollama' has no attribute 'chat'
"<div id=""root"">","<main id=""root"" role=""main"">",1.3.1,A,Error: module 'ollama' has no attribute 'chat'
"<a class=""c-button v--primary c-skip-link is-focusable"" href=""#main_focusable"">Skip to main content</a>","<a class=""c-button v--primary c-skip-link is-focusable"" href=""#main_focusable"" aria-label=""Skip to main content section"">Skip to main content</a>",2.4.4,A,Error: module 'ollama' has no attribute 'chat'
"<video title=""Team discussing work in the Slack app"" role=""img"" data-js-id=""hero"" loop="""" muted="""" playsinline="""">","<video aria-label=""Team discussing work in Slack app"" role=""img"" data-js-id=""hero"" loop="""" muted="""" playsinline="""">",1.2.2,A,Error: module 'ollama' has no attribute 'chat'
"<header role=""banner"">","<header role=""banner"" aria-label=""Main site navigation"">",1.3.1,A,Error: module 'ollama' has no attribute 'chat'
"<div class=""c-nav--footer__metasocial"" role=""contentinfo"">","<footer class=""c-nav--footer__metasocial"" role=""contentinfo"">",1.3.1,A,Error: module 'ollama' has no attribute 'chat'
"<div class=""c-announcement-banner banner--fixed-top"" role=""banner"">","<div class=""c-announcement-banner banner--fixed-top"" role=""banner"" aria-live=""polite"">",4.1.2,A,Error: module 'ollama' has no attribute 'chat'
"<iframe id=""drift-iframe"" src=""https://d34u8crftukxnk.cloudfront.net/snippets/drift/index.html"" width=""0"" height=""0"">","<iframe id=""drift-iframe"" title=""Chat Widget"" src=""https://d34u8crftukxnk.cloudfront.net/snippets/drift/index.html"" width=""0"" height=""0"">",2.4.2,A,Error: module 'ollama' has no attribute 'chat'
"<li id=""security"" class=""nav_link nav_link_l4""><a href=""/security"">Security</a></li>","<li id=""security"" class=""nav_link nav_link_l4""><a href=""/security"" aria-label=""Learn about data security policies"">Security</a></li>",2.4.4,A,Error: module 'ollama' has no attribute 'chat'
"<a href=""#"" role=""button"" class=""cookieBarButton cookieBarConsentButton"">OK, got it</a>","<button class=""cookieBarButton cookieBarConsentButton"" aria-label=""Consent to cookies"">OK, got it</button>",4.1.2,A,Error: module 'ollama' has no attribute 'chat'
"<html lang=""en"" data-cb-input-m=""initial"" data-cb-intent-m=""initial"" style=""display: block;"">","<html lang=""en"" style=""display: block;"">",4.1.1,A,Error: module 'ollama' has no attribute 'chat'
"<div id=""root"">","<main id=""root"" role=""main"">",1.3.1,A,Error: module 'ollama' has no attribute 'chat'
"<a class=""c-button v--primary c-skip-link is-focusable"" href=""#main_focusable"">Skip to main content</a>","<a class=""c-button v--primary c-skip-link is-focusable"" href=""#main_focusable"" aria-label=""Skip to main content section"">Skip to main content</a>",2.4.4,A,Error: module 'ollama' has no attribute 'chat'
"<video title=""Team discussing work in the Slack app"" role=""img"" data-js-id=""hero"" loop="""" muted="""" playsinline="""">","<video aria-label=""Team discussing work in Slack app"" role=""img"" data-js-id=""hero"" loop="""" muted="""" playsinline="""">",1.2.2,A,Error: module 'ollama' has no attribute 'chat'
"<header role=""banner"">","<header role=""banner"" aria-label=""Main site navigation"">",1.3.1,A,Error: module 'ollama' has no attribute 'chat'
"<div class=""c-nav--footer__metasocial"" role=""contentinfo"">","<footer class=""c-nav--footer__metasocial"" role=""contentinfo"">",1.3.1,A,Error: module 'ollama' has no attribute 'chat'
"<div class=""c-announcement-banner banner--fixed-top"" role=""banner"">","<div class=""c-announcement-banner banner--fixed-top"" role=""banner"" aria-live=""polite"">",4.1.2,A,Error: module 'ollama' has no attribute 'chat'
"<iframe id=""drift-iframe"" src=""https://d34u8crftukxnk.cloudfront.net/snippets/drift/index.html"" width=""0"" height=""0"">","<iframe id=""drift-iframe"" title=""Chat Widget"" src=""https://d34u8crftukxnk.cloudfront.net/snippets/drift/index.html"" width=""0"" height=""0"">",2.4.2,A,Error: module 'ollama' has no attribute 'chat'
"<li id=""security"" class=""nav_link nav_link_l4""><a href=""/security"">Security</a></li>","<li id=""security"" class=""nav_link nav_link_l4""><a href=""/security"" aria-label=""Learn about data security policies"">Security</a></li>",2.4.4,A,Error: module 'ollama' has no attribute 'chat'
"<a href=""#"" role=""button"" class=""cookieBarButton cookieBarConsentButton"">OK, got it</a>","<button class=""cookieBarButton cookieBarConsentButton"" aria-label=""Consent to cookies"">OK, got it</button>",4.1.2,A,Error: module 'ollama' has no attribute 'chat'
"<html lang=""en"" data-cb-input-m=""initial"" data-cb-intent-m=""initial"" style=""display: block;"">","<html lang=""en"" style=""display: block;"">",4.1.1,A,Error: module 'ollama' has no attribute 'chat'
"<div id=""root"">","<main id=""root"" role=""main"">",1.3.1,A,Error: module 'ollama' has no attribute 'chat'
"<a class=""c-button v--primary c-skip-link is-focusable"" href=""#main_focusable"">Skip to main content</a>","<a class=""c-button v--primary c-skip-link is-focusable"" href=""#main_focusable"" aria-label=""Skip to main content section"">Skip to main content</a>",2.4.4,A,Error: module 'ollama' has no attribute 'chat'
"<video title=""Team discussing work in the Slack app"" role=""img"" data-js-id=""hero"" loop="""" muted="""" playsinline="""">","<video aria-label=""Team discussing work in Slack app"" role=""img"" data-js-id=""hero"" loop="""" muted="""" playsinline="""">",1.2.2,A,Error: module 'ollama' has no attribute 'chat'
"<header role=""banner"">","<header role=""banner"" aria-label=""Main site navigation"">",1.3.1,A,Error: module 'ollama' has no attribute 'chat'
"<div class=""c-nav--footer__metasocial"" role=""contentinfo"">","<footer class=""c-nav--footer__metasocial"" role=""contentinfo"">",1.3.1,A,Error: module 'ollama' has no attribute 'chat'
"<div class=""c-announcement-banner banner--fixed-top"" role=""banner"">","<div class=""c-announcement-banner banner--fixed-top"" role=""banner"" aria-live=""polite"">",4.1.2,A,Error: module 'ollama' has no attribute 'chat'
"<iframe id=""drift-iframe"" src=""https://d34u8crftukxnk.cloudfront.net/snippets/drift/index.html"" width=""0"" height=""0"">","<iframe id=""drift-iframe"" title=""Chat Widget"" src=""https://d34u8crftukxnk.cloudfront.net/snippets/drift/index.html"" width=""0"" height=""0"">",2.4.2,A,Error: module 'ollama' has no attribute 'chat'
"<li id=""security"" class=""nav_link nav_link_l4""><a href=""/security"">Security</a></li>","<li id=""security"" class=""nav_link nav_link_l4""><a href=""/security"" aria-label=""Learn about data security policies"">Security</a></li>",2.4.4,A,Error: module 'ollama' has no attribute 'chat'
